{
  "$schema": "https://openapi.vercel.sh/vercel.json",
  "name": "ypl",
  "version": 2,
  "framework": "nextjs",
  "buildCommand": "npm run build",
  "outputDirectory": ".next",
  "installCommand": "npm install",
  "devCommand": "npm run dev",
  "rootDirectory": "frontend",
  "regions": ["iad1"],
  "git": {
    "deploymentEnabled": {
      "main": true,
      "dev": true
    }
  },
  "headers": [
    {
      "source": "/(.*)",
      "headers": [
        {
          "key": "Strict-Transport-Security",
          "value": "max-age=31536000; includeSubDomains; preload"
        },
        {
          "key": "X-Frame-Options",
          "value": "SAMEORIGIN"
        },
        {
          "key": "X-Content-Type-Options",
          "value": "nosniff"
        },
        {
          "key": "Referrer-Policy",
          "value": "strict-origin-when-cross-origin"
        },
        {
          "key": "X-DNS-Prefetch-Control",
          "value": "on"
        }
      ]
    }
  ],
  "redirects": [
    {
      "source": "/home",
      "destination": "/",
      "permanent": true
    },
    {
      "source": "/www",
      "destination": "/",
      "permanent": true
    }
  ],
  "env": {
    "APP_NAME": "YPL CORE",
    "APP_VERSION": "1.0.0",
    "APP_COMPANY": "YPL GRUP INC"
  }
}
